0,1,2,3,4,5,6,7,8,9,10,11,12,13,14,15,16,17,18,19,20,21,22,23,24,25,26,27,28,29,30,31,32,33,34,35,Year,Natural_Calamities,Wind_speed,Rainfall_Actual,Rainfall_Normal,Population_Urban,Population_Rural,Fishing_Inland,Fishing_Marine,Harbour_Plastic,Beach_plastics,Climate_change,Plastic_entering_sea
1,0,0,0,0,0,0,0,0,0,0,0,0,0,0,0,0,0,0,0,0,0,0,0,0,0,0,0,0,0,0,0,0,0,0,0,9,0,26.5,1712.4,1653.8,170000,229000,0,0.39,0,0,0,372.3
0,1,0,0,0,0,0,0,0,0,0,0,0,0,0,0,0,0,0,0,0,0,0,0,0,0,0,0,0,0,0,0,0,0,0,0,9,1,27.1,1481.3,998.5,18343000,34256000,28.14,5.83,20.88,5353.52,0,25292.96
0,0,1,0,0,0,0,0,0,0,0,0,0,0,0,0,0,0,0,0,0,0,0,0,0,0,0,0,0,0,0,0,0,0,0,0,9,1,12.15,1943.7,1726.6,381000,1141000,0.05,0,0,0,0,548.55
0,0,0,1,0,0,0,0,0,0,0,0,0,0,0,0,0,0,0,0,0,0,0,0,0,0,0,0,0,0,0,0,0,0,0,0,9,1,13.05,2147.5,1773.7,5301000,29492000,3.37,0,0,0,0,18326.33
0,0,0,0,1,0,0,0,0,0,0,0,0,0,0,0,0,0,0,0,0,0,0,0,0,0,0,0,0,0,0,0,0,0,0,0,9,1,23.95,1272.5,1017.2,14708000,107187000,5.95,0,0,0,0,12093.27
0,0,0,0,0,1,0,0,0,0,0,0,0,0,0,0,0,0,0,0,0,0,0,0,0,0,0,0,0,0,0,0,0,0,0,0,9,0,21.5,379.8,444,1194000,4000,0,0,0,0,0,1839.57
0,0,0,0,0,0,1,0,0,0,0,0,0,0,0,0,0,0,0,0,0,0,0,0,0,0,0,0,0,0,0,0,0,0,0,0,9,0,21.05,1234.3,1142.1,7680000,21557000,4.64,0,0,0,0,10811.5
0,0,0,0,0,0,0,1,0,0,0,0,0,0,0,0,0,0,0,0,0,0,0,0,0,0,0,0,0,0,0,0,0,0,0,0,9,0,25.2,2181.2,1430.1,357000,243000,0,0.22,0,439.668,0,262.09
0,0,0,0,0,0,0,0,1,0,0,0,0,0,0,0,0,0,0,0,0,0,0,0,0,0,0,0,0,0,0,0,0,0,0,0,9,0,19.2,379.8,444,20171000,148000,0.01,0,0,0,0,41756.26
0,0,0,0,0,0,0,0,0,1,0,0,0,0,0,0,0,0,0,0,0,0,0,0,0,0,0,0,0,0,0,0,0,0,0,0,9,0,24.1,3662.7,2875.3,1132000,421000,0.05,1.13,230.37,439.668,0,773.18
0,0,0,0,0,0,0,0,0,0,1,0,0,0,0,0,0,0,0,0,0,0,0,0,0,0,0,0,0,0,0,0,0,0,0,0,9,1,24.7,2181.2,1430.1,32791000,36380000,1.39,7.29,286.46,6676.99,0,38799.56
0,0,0,0,0,0,0,0,0,0,0,1,0,0,0,0,0,0,0,0,0,0,0,0,0,0,0,0,0,0,0,0,0,0,0,0,9,0,21.4,379.8,444,11839000,17374000,1.72,0,0,0,0,19356.42
0,0,0,0,0,0,0,0,0,0,0,0,1,0,0,0,0,0,0,0,0,0,0,0,0,0,0,0,0,0,0,0,0,0,0,0,9,0,12.6,565.5,763.5,754000,6608000,0.13,0,0,0,1,1363.49
0,0,0,0,0,0,0,0,0,0,0,0,0,1,0,0,0,0,0,0,0,0,0,0,0,0,0,0,0,0,0,0,0,0,0,0,9,1,13.75,376.2,566,3983000,9357000,0.21,0,0,0,0,7490.25
0,0,0,0,0,0,0,0,0,0,0,0,0,0,1,0,0,0,0,0,0,0,0,0,0,0,0,0,0,0,0,0,0,0,0,0,9,0,21.1,899.2,1054.7,9802000,28313000,1.83,0,0,0,0,7663.48
0,0,0,0,0,0,0,0,0,0,0,0,0,0,0,1,0,0,0,0,0,0,0,0,0,0,0,0,0,0,0,0,0,0,0,0,9,1,25.25,5242,4274,28681000,37815000,1.93,4.14,47.82,1538.09,0,37267.19
0,0,0,0,0,0,0,0,0,0,0,0,0,0,0,0,1,0,0,0,0,0,0,0,0,0,0,0,0,0,0,0,0,0,0,0,9,1,17.45,2228.2,2049.3,24591000,10777000,1.95,5.11,47.61,3132.82,0,13016.86
0,0,0,0,0,0,0,0,0,0,0,0,0,0,0,0,0,1,0,0,0,0,0,0,0,0,0,0,0,0,0,0,0,0,0,0,9,0,30.3,1345.4,1013.1,65000,3000,0,0.22,0,0,0,135.36
0,0,0,0,0,0,0,0,0,0,0,0,0,0,0,0,0,0,1,0,0,0,0,0,0,0,0,0,0,0,0,0,0,0,0,0,9,1,21.95,2002.5,1906.1,24037000,59718000,1.6,0,0,0,0,27487.83
0,0,0,0,0,0,0,0,0,0,0,0,0,0,0,0,0,0,0,1,0,0,0,0,0,0,0,0,0,0,0,0,0,0,0,0,9,1,22.8,6347.3,5238.4,59121000,64555000,1.43,4.7,541.94,3585.9,0,90257.94
0,0,0,0,0,0,0,0,0,0,0,0,0,0,0,0,0,0,0,0,1,0,0,0,0,0,0,0,0,0,0,0,0,0,0,0,9,0,16,965.4,1426.7,997000,2145000,0.33,0,0,0,0,440.28
0,0,0,0,0,0,0,0,0,0,0,0,0,0,0,0,0,0,0,0,0,1,0,0,0,0,0,0,0,0,0,0,0,0,0,0,9,1,17.8,2147.5,1773.7,671000,2593000,0.13,0,0,0,0,596.35
0,0,0,0,0,0,0,0,0,0,0,0,0,0,0,0,0,0,0,0,0,0,1,0,0,0,0,0,0,0,0,0,0,0,0,0,9,0,9,965.4,1426.7,657000,550000,0.08,0,0,0,0,788.32
0,0,0,0,0,0,0,0,0,0,0,0,0,0,0,0,0,0,0,0,0,0,0,1,0,0,0,0,0,0,0,0,0,0,0,0,9,0,8.5,965.4,1426.7,914000,1263000,0.09,0,0,0,0,1120.12
0,0,0,0,0,0,0,0,0,0,0,0,0,0,0,0,0,0,0,0,0,0,0,0,1,0,0,0,0,0,0,0,0,0,0,0,9,1,25.1,1140.9,1155.3,8342000,37123000,5.36,1.57,24.75,2620.12,0,5923.55
0,0,0,0,0,0,0,0,0,0,0,0,0,0,0,0,0,0,0,0,0,0,0,0,0,1,0,0,0,0,0,0,0,0,0,0,9,0,28.2,437,342,1081000,468000,0.07,0.47,0,166.925,0,1729.89
0,0,0,0,0,0,0,0,0,0,0,0,0,0,0,0,0,0,0,0,0,0,0,0,0,0,1,0,0,0,0,0,0,0,0,0,9,0,20.4,391.7,467.3,12331000,17848000,1.38,0,0,0,0,17275.46
0,0,0,0,0,0,0,0,0,0,0,0,0,0,0,0,0,0,0,0,0,0,0,0,0,0,0,1,0,0,0,0,0,0,0,0,9,0,25.05,922.7,868.2,20623000,57986000,0.66,0,0,0,0,25966.58
0,0,0,0,0,0,0,0,0,0,0,0,0,0,0,0,0,0,0,0,0,0,0,0,0,0,0,0,1,0,0,0,0,0,0,0,9,0,9.3,2628.8,1970.8,293000,379000,0,0,0,0,1,287.71
0,0,0,0,0,0,0,0,0,0,0,0,0,0,0,0,0,0,0,0,0,0,0,0,0,0,0,0,0,1,0,0,0,0,0,0,9,0,26.7,437,342,39985000,36182000,1.97,5.15,442.36,4983.9,0,43579.23
0,0,0,0,0,0,0,0,0,0,0,0,0,0,0,0,0,0,0,0,0,0,0,0,0,0,0,0,0,0,1,0,0,0,0,0,9,1,25.45,1095.4,751.9,17135000,20401000,2.63,0,0,0,0,32044.41
0,0,0,0,0,0,0,0,0,0,0,0,0,0,0,0,0,0,0,0,0,0,0,0,0,0,0,0,0,0,0,1,0,0,0,0,9,0,13.65,965.4,1426.7,146600,3895400,0.75,0,0,0,0,1608.77
0,0,0,0,0,0,0,0,0,0,0,0,0,0,0,0,0,0,0,0,0,0,0,0,0,0,0,0,0,0,0,0,1,0,0,0,9,1,20.95,1240.1,1560.7,54127000,174804000,6.47,0,0,0,0,61905.65
0,0,0,0,0,0,0,0,0,0,0,0,0,0,0,0,0,0,0,0,0,0,0,0,0,0,0,0,0,0,0,0,0,1,0,0,9,0,18.8,943.2,1176.9,3920000,7393000,0.05,0,0,0,1,4939.11
0,0,0,0,0,0,0,0,0,0,0,0,0,0,0,0,0,0,0,0,0,0,0,0,0,0,0,0,0,0,0,0,0,0,1,0,9,0,31,3689.8,3152.3,34865000,62854000,15.92,1.77,297.68,864.432,0,47100.85
1,0,0,0,0,0,0,0,0,0,0,0,0,0,0,0,0,0,0,0,0,0,0,0,0,0,0,0,0,0,0,0,0,0,0,0,8,0,34,2331.3,1653.8,168000,230000,0,0.4,0,0,0,209.58
0,1,0,0,0,0,0,0,0,0,0,0,0,0,0,0,0,0,0,0,0,0,0,0,0,0,0,0,0,0,0,0,0,0,0,0,8,1,30.35,1100.5,998.5,17935000,34380000,36.1,5.64,20.77,3636.9,0,25782.52
0,0,1,0,0,0,0,0,0,0,0,0,0,0,0,0,0,0,0,0,0,0,0,0,0,0,0,0,0,0,0,0,0,0,0,0,8,0,11.05,1538.2,1726.6,374000,1133000,0.05,0,0,0,0,765.93
0,0,0,1,0,0,0,0,0,0,0,0,0,0,0,0,0,0,0,0,0,0,0,0,0,0,0,0,0,0,0,0,0,0,0,0,8,1,11.15,1567.9,1773.7,5202000,29216000,3.73,0,0,0,0,4016.37
0,0,0,0,1,0,0,0,0,0,0,0,0,0,0,0,0,0,0,0,0,0,0,0,0,0,0,0,0,0,0,0,0,0,0,0,8,1,23.85,1050.4,1017.2,14397000,105717000,6.41,0,0,0,0,18039.38
0,0,0,0,0,1,0,0,0,0,0,0,0,0,0,0,0,0,0,0,0,0,0,0,0,0,0,0,0,0,0,0,0,0,0,0,8,0,19,258.6,444,1178000,6000,0.01,0,0,0,0,2061.53
0,0,0,0,0,0,1,0,0,0,0,0,0,0,0,0,0,0,0,0,0,0,0,0,0,0,0,0,0,0,0,0,0,0,0,0,8,0,21.05,1255.6,1142.1,7486000,21366000,5.72,0,0,0,0,6287.49
0,0,0,0,0,0,0,1,0,0,0,0,0,0,0,0,0,0,0,0,0,0,0,0,0,0,0,0,0,0,0,0,0,0,0,0,8,0,25,2033.1,1430.1,397000,242000,0,0.32,0,298.6875,0,205.77
0,0,0,0,0,0,0,0,1,0,0,0,0,0,0,0,0,0,0,0,0,0,0,0,0,0,0,0,0,0,0,0,0,0,0,0,8,0,20.3,258.6,444,19768000,172000,0.01,0,0,0,0,41242.12
0,0,0,0,0,0,0,0,0,1,0,0,0,0,0,0,0,0,0,0,0,0,0,0,0,0,0,0,0,0,0,0,0,0,0,0,8,0,24.5,4385.8,2875.3,1108000,435000,0.04,1.01,228.89,298.6875,0,518.24
0,0,0,0,0,0,0,0,0,0,1,0,0,0,0,0,0,0,0,0,0,0,0,0,0,0,0,0,0,0,0,0,0,0,0,0,8,1,24.25,2033.1,1430.1,32010000,36235000,1.58,7.01,282.63,4536,0,35164.22
0,0,0,0,0,0,0,0,0,0,0,1,0,0,0,0,0,0,0,0,0,0,0,0,0,0,0,0,0,0,0,0,0,0,0,0,8,0,20.3,258.6,444,11503000,17304000,1.91,0,0,0,0,20257.15
0,0,0,0,0,0,0,0,0,0,0,0,1,0,0,0,0,0,0,0,0,0,0,0,0,0,0,0,0,0,0,0,0,0,0,0,8,0,16.5,684.2,763.5,748000,6567000,0.14,0,0,0,1,1242.26
0,0,0,0,0,0,0,0,0,0,0,0,0,1,0,0,0,0,0,0,0,0,0,0,0,0,0,0,0,0,0,0,0,0,0,0,8,0,13.5,445.8,567.5,3918000,9319000,0.21,0,0,0,0,3616.26
0,0,0,0,0,0,0,0,0,0,0,0,0,0,1,0,0,0,0,0,0,0,0,0,0,0,0,0,0,0,0,0,0,0,0,0,8,0,21.15,865.6,1054.7,9599000,27982000,2.23,0,0,0,0,7537.37
0,0,0,0,0,0,0,0,0,0,0,0,0,0,0,1,0,0,0,0,0,0,0,0,0,0,0,0,0,0,0,0,0,0,0,0,8,1,29.25,5248,4274,28140000,37833000,2.29,4.03,47.44,1044.9,0,23465.67
0,0,0,0,0,0,0,0,0,0,0,0,0,0,0,0,1,0,0,0,0,0,0,0,0,0,0,0,0,0,0,0,0,0,0,0,8,1,16.25,2310.2,2049.3,23675000,11511000,2.05,4.75,47.36,2128.28,0,9145.44
0,0,0,0,0,0,0,0,0,0,0,0,0,0,0,0,0,1,0,0,0,0,0,0,0,0,0,0,0,0,0,0,0,0,0,0,8,0,32.6,1231.7,1013.1,64000,4000,0,0.2,0,0,0,135.36
0,0,0,0,0,0,0,0,0,0,0,0,0,0,0,0,0,0,1,0,0,0,0,0,0,0,0,0,0,0,0,0,0,0,0,0,8,1,22.75,2692.7,1906.1,23618000,58995000,2,0,0,0,0,22505.4
0,0,0,0,0,0,0,0,0,0,0,0,0,0,0,0,0,0,0,1,0,0,0,0,0,0,0,0,0,0,0,0,0,0,0,0,8,1,25.15,7198,5238.4,58240000,64293000,1.18,4.43,536.93,2436.07,0,87434.22
0,0,0,0,0,0,0,0,0,0,0,0,0,0,0,0,0,0,0,0,1,0,0,0,0,0,0,0,0,0,0,0,0,0,0,0,8,1,14.2,1114.8,1426.7,979000,2132000,0.32,0,0,0,0,30.48
0,0,0,0,0,0,0,0,0,0,0,0,0,0,0,0,0,0,0,0,0,1,0,0,0,0,0,0,0,0,0,0,0,0,0,0,8,0,17.65,1567.9,1773.7,663000,2569000,0.14,0,0,0,0,3.81
0,0,0,0,0,0,0,0,0,0,0,0,0,0,0,0,0,0,0,0,0,0,1,0,0,0,0,0,0,0,0,0,0,0,0,0,8,1,7.7,1114.8,1426.7,648000,547000,0.07,0,0,0,0,746.88
0,0,0,0,0,0,0,0,0,0,0,0,0,0,0,0,0,0,0,0,0,0,0,1,0,0,0,0,0,0,0,0,0,0,0,0,8,1,8.3,1114.8,1426.7,874000,1281000,0.09,0,0,0,0,453.46
0,0,0,0,0,0,0,0,0,0,0,0,0,0,0,0,0,0,0,0,0,0,0,0,1,0,0,0,0,0,0,0,0,0,0,0,8,1,23.7,1232.5,1155.3,8197000,36922000,6.6,1.58,24.56,1779.97,0,7255.38
0,0,0,0,0,0,0,0,0,0,0,0,0,0,0,0,0,0,0,0,0,0,0,0,0,1,0,0,0,0,0,0,0,0,0,0,8,0,30.6,401.9,342,1056000,459000,0.07,0.44,0,113.4,0,1047.92
0,0,0,0,0,0,0,0,0,0,0,0,0,0,0,0,0,0,0,0,0,0,0,0,0,0,1,0,0,0,0,0,0,0,0,0,8,0,17.75,444.3,467.3,12125000,17814000,1.51,0,0,0,0,15448.17
0,0,0,0,0,0,0,0,0,0,0,0,0,0,0,0,0,0,0,0,0,0,0,0,0,0,0,1,0,0,0,0,0,0,0,0,8,1,23.35,1234.5,868.2,20248000,57353000,1.16,0,0,0,0,25687.25
0,0,0,0,0,0,0,0,0,0,0,0,0,0,0,0,0,0,0,0,0,0,0,0,0,0,0,0,1,0,0,0,0,0,0,0,8,0,13.8,1884.1,1970.8,276000,389000,0,0,0,0,1,266.74
0,0,0,0,0,0,0,0,0,0,0,0,0,0,0,0,0,0,0,0,0,0,0,0,0,0,0,0,0,1,0,0,0,0,0,0,8,1,26.1,401.9,342,39465000,36348000,1.74,5.83,440.31,3385.8,0,47495.32
0,0,0,0,0,0,0,0,0,0,0,0,0,0,0,0,0,0,0,0,0,0,0,0,0,0,0,0,0,0,1,0,0,0,0,0,8,0,25.6,805,759.6,16748000,20535000,3,0,0,0,0,38586.14
0,0,0,0,0,0,0,0,0,0,0,0,0,0,0,0,0,0,0,0,0,0,0,0,0,0,0,0,0,0,0,1,0,0,0,0,8,1,13.3,1114.8,1426.7,1407000,2595000,0.78,0,0,0,0,1242.26
0,0,0,0,0,0,0,0,0,0,0,0,0,0,0,0,0,0,0,0,0,0,0,0,0,0,0,0,0,0,0,0,1,0,0,0,8,1,22.8,1374.1,1560.7,53100000,172867000,6.99,0,0,0,0,55131.76
0,0,0,0,0,0,0,0,0,0,0,0,0,0,0,0,0,0,0,0,0,0,0,0,0,0,0,0,0,0,0,0,0,1,0,0,8,1,19.8,960.4,1176.9,3822000,7362000,0.05,0,0,0,1,5917.86
0,0,0,0,0,0,0,0,0,0,0,0,0,0,0,0,0,0,0,0,0,0,0,0,0,0,0,0,0,0,0,0,0,0,1,0,8,1,30,2825,3152.3,34247000,62862000,16.19,1.63,295.82,587.25,0,30012.29
1,0,0,0,0,0,0,0,0,0,0,0,0,0,0,0,0,0,0,0,0,0,0,0,0,0,0,0,0,0,0,0,0,0,0,0,7,0,34.4,1569.2,1682.5,165000,231000,0,0.4,0,0,0,457.27
0,1,0,0,0,0,0,0,0,0,0,0,0,0,0,0,0,0,0,0,0,0,0,0,0,0,0,0,0,0,0,0,0,0,0,0,7,1,33.45,833.7,979.4,17531000,34501000,33.91,6,29.8,12127.8,0,24540.26
0,0,1,0,0,0,0,0,0,0,0,0,0,0,0,0,0,0,0,0,0,0,0,0,0,0,0,0,0,0,0,0,0,0,0,0,7,0,9.9,1198.4,1768,367000,1126000,0.05,0,0,0,0,1032.52
0,0,0,1,0,0,0,0,0,0,0,0,0,0,0,0,0,0,0,0,0,0,0,0,0,0,0,0,0,0,0,0,0,0,0,0,7,1,10.15,1322.9,1792.8,5104000,28939000,3.31,0,0,0,0,4929.63
0,0,0,0,1,0,0,0,0,0,0,0,0,0,0,0,0,0,0,0,0,0,0,0,0,0,0,0,0,0,0,0,0,0,0,0,7,0,22.6,770.8,1027.6,14088000,104245000,6.02,0,0,0,0,8657.68
0,0,0,0,0,1,0,0,0,0,0,0,0,0,0,0,0,0,0,0,0,0,0,0,0,0,0,0,0,0,0,0,0,0,0,0,7,0,18,423.1,466.3,1162000,8000,0.01,0,0,0,0,1790.98
0,0,0,0,0,0,1,0,0,0,0,0,0,0,0,0,0,0,0,0,0,0,0,0,0,0,0,0,0,0,0,0,0,0,0,0,7,0,20.85,1101.5,1153.3,7295000,21173000,4.89,0,0,0,0,6287.49
0,0,0,0,0,0,0,1,0,0,0,0,0,0,0,0,0,0,0,0,0,0,0,0,0,0,0,0,0,0,0,0,0,0,0,0,7,0,23.2,1012.1,1392.2,438000,239000,0,0.28,0,996.025,0,373.44
0,0,0,0,0,0,0,0,1,0,0,0,0,0,0,0,0,0,0,0,0,0,0,0,0,0,0,0,0,0,0,0,0,0,0,0,7,1,18,423.1,466.3,19364000,197000,0.01,0,0,0,0,41219.26
0,0,0,0,0,0,0,0,0,1,0,0,0,0,0,0,0,0,0,0,0,0,0,0,0,0,0,0,0,0,0,0,0,0,0,0,7,0,23.5,2883.4,2914.7,1084000,450000,0.05,1.15,286.07,996.025,0,900.86
0,0,0,0,0,0,0,0,0,0,1,0,0,0,0,0,0,0,0,0,0,0,0,0,0,0,0,0,0,0,0,0,0,0,0,0,7,1,25.1,1012.1,1392.2,31235000,36084000,1.42,6.99,247.09,15126,0,40834.39
0,0,0,0,0,0,0,0,0,0,0,1,0,0,0,0,0,0,0,0,0,0,0,0,0,0,0,0,0,0,0,0,0,0,0,0,7,0,19.8,423.1,466.3,11173000,17228000,1.8,0,0,0,0,17665.14
0,0,0,0,0,0,0,0,0,0,0,0,1,0,0,0,0,0,0,0,0,0,0,0,0,0,0,0,0,0,0,0,0,0,0,0,7,1,16.6,917.3,825.3,741000,6527000,0.13,0,0,0,1,1482.32
0,0,0,0,0,0,0,0,0,0,0,0,0,1,0,0,0,0,0,0,0,0,0,0,0,0,0,0,0,0,0,0,0,0,0,0,7,1,13,597.3,534.6,3854000,9281000,0.21,0,0,0,0,5832.24
0,0,0,0,0,0,0,0,0,0,0,0,0,0,1,0,0,0,0,0,0,0,0,0,0,0,0,0,0,0,0,0,0,0,0,0,7,0,17.95,784.3,1091.9,9397000,27650000,2.08,0,0,0,0,8402.37
0,0,0,0,0,0,0,0,0,0,0,0,0,0,0,1,0,0,0,0,0,0,0,0,0,0,0,0,0,0,0,0,0,0,0,0,7,1,29.65,4104.9,4249.8,27604000,37846000,1.98,3.9,43.66,3484.39,0,45567.15
0,0,0,0,0,0,0,0,0,0,0,0,0,0,0,0,1,0,0,0,0,0,0,0,0,0,0,0,0,0,0,0,0,0,0,0,7,1,20.1,2517.3,2039.6,22754000,12249000,1.92,6.09,48.05,7097.09,0,14872.86
0,0,0,0,0,0,0,0,0,0,0,0,0,0,0,0,0,1,0,0,0,0,0,0,0,0,0,0,0,0,0,0,0,0,0,0,7,0,37.1,553.2,998.5,63000,4000,0,0.22,0,0,0,133.37
0,0,0,0,0,0,0,0,0,0,0,0,0,0,0,0,0,0,1,0,0,0,0,0,0,0,0,0,0,0,0,0,0,0,0,0,7,0,22.25,1756.9,1927.3,23200000,58271000,1.73,0,0,0,0,30484.8
0,0,0,0,0,0,0,0,0,0,0,0,0,0,0,0,0,0,0,1,0,0,0,0,0,0,0,0,0,0,0,0,0,0,0,0,7,1,26.7,4958.8,5281.5,57364000,64027000,1,4.68,495.68,8123.5,0,90862.05
0,0,0,0,0,0,0,0,0,0,0,0,0,0,0,0,0,0,0,0,1,0,0,0,0,0,0,0,0,0,0,0,0,0,0,0,7,1,12.3,1258.4,1496.9,961000,2119000,0.32,0,0,0,0,833
0,0,0,0,0,0,0,0,0,0,0,0,0,0,0,0,0,0,0,0,0,1,0,0,0,0,0,0,0,0,0,0,0,0,0,0,7,0,14.6,1322.9,1792.8,655000,2545000,0.13,0,0,0,0,650.2
0,0,0,0,0,0,0,0,0,0,0,0,0,0,0,0,0,0,0,0,0,0,1,0,0,0,0,0,0,0,0,0,0,0,0,0,7,1,7.8,1258.4,1496.9,638000,546000,0.07,0,0,0,0,958.06
0,0,0,0,0,0,0,0,0,0,0,0,0,0,0,0,0,0,0,0,0,0,0,1,0,0,0,0,0,0,0,0,0,0,0,0,7,1,7.4,1258.4,1496.9,836000,1298000,0.09,0,0,0,0,1293.7
0,0,0,0,0,0,0,0,0,0,0,0,0,0,0,0,0,0,0,0,0,0,0,0,1,0,0,0,0,0,0,0,0,0,0,0,7,1,21.2,1290.2,1149.9,8054000,36720000,6,1.59,48.83,5935.62,0,9772.02
0,0,0,0,0,0,0,0,0,0,0,0,0,0,0,0,0,0,0,0,0,0,0,0,0,1,0,0,0,0,0,0,0,0,0,0,7,0,28.1,290.7,317.2,1030000,451000,0.07,0.4,0,378.151,0,2283.5
0,0,0,0,0,0,0,0,0,0,0,0,0,0,0,0,0,0,0,0,0,0,0,0,0,0,1,0,0,0,0,0,0,0,0,0,7,0,17.65,527.4,491.9,11920000,17779000,1.35,0,0,0,0,17660.15
0,0,0,0,0,0,0,0,0,0,0,0,0,0,0,0,0,0,0,0,0,0,0,0,0,0,0,1,0,0,0,0,0,0,0,0,7,0,22.7,837,879,19874000,56718000,0.55,0,0,0,0,25247.36
0,0,0,0,0,0,0,0,0,0,0,0,0,0,0,0,0,0,0,0,0,0,0,0,0,0,0,0,1,0,0,0,0,0,0,0,7,0,13.4,1740.6,2006.2,260000,399000,0,0,0,0,1,286.18
0,0,0,0,0,0,0,0,0,0,0,0,0,0,0,0,0,0,0,0,0,0,0,0,0,0,0,0,0,1,0,0,0,0,0,0,7,0,24.35,290.7,317.2,38948000,36512000,1.7,5.2,409.3,11290.5,0,53226.46
0,0,0,0,0,0,0,0,0,0,0,0,0,0,0,0,0,0,0,0,0,0,0,0,0,0,0,0,0,0,1,0,0,0,0,0,7,0,27.65,741.1,759.2,16365000,20665000,2.84,0,0,0,0,32378.67
0,0,0,0,0,0,0,0,0,0,0,0,0,0,0,0,0,0,0,0,0,0,0,0,0,0,0,0,0,0,0,1,0,0,0,0,7,1,11.65,1258.4,1496.9,1350000,2613000,0.7,0,0,0,0,1698.46
0,0,0,0,0,0,0,0,0,0,0,0,0,0,0,0,0,0,0,0,0,0,0,0,0,0,0,0,0,0,0,0,1,0,0,0,7,1,20.5,1532.7,1667,52081000,170922000,6.62,0,0,0,0,66217.94
0,0,0,0,0,0,0,0,0,0,0,0,0,0,0,0,0,0,0,0,0,0,0,0,0,0,0,0,0,0,0,0,0,1,0,0,7,0,17.15,1194.3,1229.1,3726000,7329000,0.05,0,0,0,1,5820.53
0,0,0,0,0,0,0,0,0,0,0,0,0,0,0,0,0,0,0,0,0,0,0,0,0,0,0,0,0,0,0,0,0,0,1,0,7,0,23.65,2677.4,3174.1,33635000,62865000,16.19,1.63,295.82,1958.28,0,55685.44
1,0,0,0,0,0,0,0,0,0,0,0,0,0,0,0,0,0,0,0,0,0,0,0,0,0,0,0,0,0,0,0,0,0,0,0,6,0,29.95,1526,1682.5,162000,232000,0,0.39,0,0,0,367.63
0,1,0,0,0,0,0,0,0,0,0,0,0,0,0,0,0,0,0,0,0,0,0,0,0,0,0,0,0,0,0,0,0,0,0,0,6,0,29.95,1168.9,979.4,17133000,34616000,28.45,6.05,29.64,8222.99,0,24884.23
0,0,1,0,0,0,0,0,0,0,0,0,0,0,0,0,0,0,0,0,0,0,0,0,0,0,0,0,0,0,0,0,0,0,0,0,6,1,7.35,1572.3,1768,360000,1118000,0.04,0,0,0,0,777.21
0,0,0,1,0,0,0,0,0,0,0,0,0,0,0,0,0,0,0,0,0,0,0,0,0,0,0,0,0,0,0,0,0,0,0,0,6,1,8.1,1614.5,1792.8,5007000,28661000,3.27,0,0,0,0,17733.77
0,0,0,0,1,0,0,0,0,0,0,0,0,0,0,0,0,0,0,0,0,0,0,0,0,0,0,0,0,0,0,0,0,0,0,0,6,1,23.15,936.8,1027.6,13780000,102771000,5.88,0,0,0,0,8657.68
0,0,0,0,0,1,0,0,0,0,0,0,0,0,0,0,0,0,0,0,0,0,0,0,0,0,0,0,0,0,0,0,0,0,0,0,6,0,17.2,345.8,466.3,1145000,10000,0,0,0,0,0,1905.3
0,0,0,0,0,0,1,0,0,0,0,0,0,0,0,0,0,0,0,0,0,0,0,0,0,0,0,0,0,0,0,0,0,0,0,0,6,0,19.35,1039.4,1153.3,7107000,20977000,4.57,0,0,0,0,7621.2
0,0,0,0,0,0,0,1,0,0,0,0,0,0,0,0,0,0,0,0,0,0,0,0,0,0,0,0,0,0,0,0,0,0,0,0,6,0,21.3,1641.6,1392.2,480000,237000,0,0.24,0,675.33,0,313.2
0,0,0,0,0,0,0,0,1,0,0,0,0,0,0,0,0,0,0,0,0,0,0,0,0,0,0,0,0,0,0,0,0,0,0,0,6,0,18.1,345.8,466.3,18959000,223000,0.01,0,0,0,0,39419.68
0,0,0,0,0,0,0,0,0,1,0,0,0,0,0,0,0,0,0,0,0,0,0,0,0,0,0,0,0,0,0,0,0,0,0,0,6,0,19.1,3206,2914.7,1060000,464000,0.06,1.18,284.21,675.33,0,758.74
0,0,0,0,0,0,0,0,0,0,1,0,0,0,0,0,0,0,0,0,0,0,0,0,0,0,0,0,0,0,0,0,0,0,0,0,6,1,24.45,1641.6,1392.2,30469000,35924000,1.38,7.01,186.81,10255.8,0,37241.32
0,0,0,0,0,0,0,0,0,0,0,1,0,0,0,0,0,0,0,0,0,0,0,0,0,0,0,0,0,0,0,0,0,0,0,0,6,0,19.3,345.8,466.3,10846000,17150000,1.9,0,0,0,0,18550.04
0,0,0,0,0,0,0,0,0,0,0,0,1,0,0,0,0,0,0,0,0,0,0,0,0,0,0,0,0,0,0,0,0,0,0,0,6,1,16.5,720.7,825.3,735000,6486000,0.13,0,0,0,1,1337.38
0,0,0,0,0,0,0,0,0,0,0,0,0,1,0,0,0,0,0,0,0,0,0,0,0,0,0,0,0,0,0,0,0,0,0,0,6,1,12.95,545.4,534.6,3791000,9242000,0.21,0,0,0,0,6086.6
0,0,0,0,0,0,0,0,0,0,0,0,0,0,1,0,0,0,0,0,0,0,0,0,0,0,0,0,0,0,0,0,0,0,0,0,6,0,18.05,978.8,1091.9,9197000,27315000,1.9,0,0,0,0,7341.18
0,0,0,0,0,0,0,0,0,0,0,0,0,0,0,1,0,0,0,0,0,0,0,0,0,0,0,0,0,0,0,0,0,0,0,0,6,0,26.9,3789.5,4249.8,27073000,37853000,1.88,4.14,43.31,2362.51,0,36387.3
0,0,0,0,0,0,0,0,0,0,0,0,0,0,0,0,1,0,0,0,0,0,0,0,0,0,0,0,0,0,0,0,0,0,0,0,6,0,19.65,1857.4,2039.6,21832000,12989000,1.89,4.84,47.8,4812,0,14600.52
0,0,0,0,0,0,0,0,0,0,0,0,0,0,0,0,0,1,0,0,0,0,0,0,0,0,0,0,0,0,0,0,0,0,0,0,6,0,31.4,1108.3,998.5,62000,5000,0,0.21,0,0,0,133.37
0,0,0,0,0,0,0,0,0,0,0,0,0,0,0,0,0,0,1,0,0,0,0,0,0,0,0,0,0,0,0,0,0,0,0,0,6,0,21.65,1533.8,1927.3,22785000,57544000,1.43,0,0,0,0,27482.05
0,0,0,0,0,0,0,0,0,0,0,0,0,0,0,0,0,0,0,1,0,0,0,0,0,0,0,0,0,0,0,0,0,0,0,0,6,1,24.35,5432.4,5281.5,56494000,63755000,1.31,4.75,491.01,5507.94,0,87756.94
0,0,0,0,0,0,0,0,0,0,0,0,0,0,0,0,0,0,0,0,1,0,0,0,0,0,0,0,0,0,0,0,0,0,0,0,6,0,8.5,1870.7,1496.9,944000,2106000,0.33,0,0,0,0,427.39
0,0,0,0,0,0,0,0,0,0,0,0,0,0,0,0,0,0,0,0,0,1,0,0,0,0,0,0,0,0,0,0,0,0,0,0,6,1,12.05,1614.5,1792.8,647000,2522000,0.12,0,0,0,0,800.23
0,0,0,0,0,0,0,0,0,0,0,0,0,0,0,0,0,0,0,0,0,0,1,0,0,0,0,0,0,0,0,0,0,0,0,0,6,0,7.7,1870.7,1496.9,629000,543000,0.08,0,0,0,0,765.46
0,0,0,0,0,0,0,0,0,0,0,0,0,0,0,0,0,0,0,0,0,0,0,1,0,0,0,0,0,0,0,0,0,0,0,0,6,0,6.5,1870.7,1496.9,797000,1316000,0.09,0,0,0,0,1326.09
0,0,0,0,0,0,0,0,0,0,0,0,0,0,0,0,0,0,0,0,0,0,0,0,1,0,0,0,0,0,0,0,0,0,0,0,6,1,20.35,1051.7,1149.9,7912000,36516000,5.34,1.51,6.55,4024.5,0,2055.59
0,0,0,0,0,0,0,0,0,0,0,0,0,0,0,0,0,0,0,0,0,0,0,0,0,1,0,0,0,0,0,0,0,0,0,0,6,0,27.45,414.1,317.2,1004000,443000,0.07,0.42,0,256.396,0,1615.98
0,0,0,0,0,0,0,0,0,0,0,0,0,0,0,0,0,0,0,0,0,0,0,0,0,0,1,0,0,0,0,0,0,0,0,0,6,0,16.9,384.9,491.9,11717000,17743000,1.37,0,0,0,0,16863.88
0,0,0,0,0,0,0,0,0,0,0,0,0,0,0,0,0,0,0,0,0,0,0,0,0,0,0,1,0,0,0,0,0,0,0,0,6,0,21.45,931.7,879,19503000,56081000,0.54,0,0,0,0,24967.34
0,0,0,0,0,0,0,0,0,0,0,0,0,0,0,0,0,0,0,0,0,0,0,0,0,0,0,0,1,0,0,0,0,0,0,0,6,0,17.2,2039.8,2006.2,244000,408000,0,0,0,0,1,279.47
0,0,0,0,0,0,0,0,0,0,0,0,0,0,0,0,0,0,0,0,0,0,0,0,0,0,0,0,0,1,0,0,0,0,0,0,6,1,23.75,414.1,317.2,38435000,36671000,1.85,4.97,407.38,7655.25,0,57824.38
0,0,0,0,0,0,0,0,0,0,0,0,0,0,0,0,0,0,0,0,0,0,0,0,0,0,0,0,0,0,1,0,0,0,0,0,6,0,26.9,657.4,755.2,15987000,20791000,2.7,0,0,0,0,29737.92
0,0,0,0,0,0,0,0,0,0,0,0,0,0,0,0,0,0,0,0,0,0,0,0,0,0,0,0,0,0,0,1,0,0,0,0,6,0,12.9,1870.7,1496.9,1294000,2630000,0.77,0,0,0,0,1650.75
0,0,0,0,0,0,0,0,0,0,0,0,0,0,0,0,0,0,0,0,0,0,0,0,0,0,0,0,0,0,0,0,1,0,0,0,6,1,20.65,1179.5,1667,51068000,168971000,6.29,0,0,0,0,59064.3
0,0,0,0,0,0,0,0,0,0,0,0,0,0,0,0,0,0,0,0,0,0,0,0,0,0,0,0,0,0,0,0,0,1,0,0,6,0,16.05,1199,1229.1,3631000,7296000,0.05,0,0,0,1,4187.85
0,0,0,0,0,0,0,0,0,0,0,0,0,0,0,0,0,0,0,0,0,0,0,0,0,0,0,0,0,0,0,0,0,0,1,0,6,1,22.6,3172.8,3174.1,33030000,62861000,15.57,1.85,293.95,1327.77,0,46219.75
1,0,0,0,0,0,0,0,0,0,0,0,0,0,0,0,0,0,0,0,0,0,0,0,0,0,0,0,0,0,0,0,0,0,0,0,5,0,31.35,1562.6,1682.5,159000,233000,0,0.39,0,0,0,438.22
0,1,0,0,0,0,0,0,0,0,0,0,0,0,0,0,0,0,0,0,0,0,0,0,0,0,0,0,0,0,0,0,0,0,0,0,5,1,28.55,1055.1,979.4,16740000,34726000,21.86,5.8,37.23,7601.21,0,24654.58
0,0,1,0,0,0,0,0,0,0,0,0,0,0,0,0,0,0,0,0,0,0,0,0,0,0,0,0,0,0,0,0,0,0,0,0,5,1,7.75,1699.1,1768,353000,1110000,0.04,0,0,0,0,61.73
0,0,0,1,0,0,0,0,0,0,0,0,0,0,0,0,0,0,0,0,0,0,0,0,0,0,0,0,0,0,0,0,0,0,0,0,5,1,8.55,1249,1792.8,4911000,28382000,3.07,0,0,0,0,30903.97
0,0,0,0,1,0,0,0,0,0,0,0,0,0,0,0,0,0,0,0,0,0,0,0,0,0,0,0,0,0,0,0,0,0,0,0,5,1,24.6,994.1,1027.6,13476000,101294000,5.09,0,0,0,0,11386.39
0,0,0,0,0,1,0,0,0,0,0,0,0,0,0,0,0,0,0,0,0,0,0,0,0,0,0,0,0,0,0,0,0,0,0,0,5,0,16.3,338.3,466.3,1129000,12000,0,0,0,0,0,1714.77
0,0,0,0,0,0,1,0,0,0,0,0,0,0,0,0,0,0,0,0,0,0,0,0,0,0,0,0,0,0,0,0,0,0,0,0,5,0,17.45,1176,1153.3,6920000,20780000,3.77,0,0,0,0,22863.6
0,0,0,0,0,0,0,1,0,0,0,0,0,0,0,0,0,0,0,0,0,0,0,0,0,0,0,0,0,0,0,0,0,0,0,0,5,0,18.8,1111.5,1392.2,522000,234000,0.01,0.23,0,624.265,0,330.23
0,0,0,0,0,0,0,0,1,0,0,0,0,0,0,0,0,0,0,0,0,0,0,0,0,0,0,0,0,0,0,0,0,0,0,0,5,0,16.9,338.3,466.3,18553000,250000,0.01,0,0,0,0,38640.83
0,0,0,0,0,0,0,0,0,1,0,0,0,0,0,0,0,0,0,0,0,0,0,0,0,0,0,0,0,0,0,0,0,0,0,0,5,0,19,3549.8,2914.7,1037000,478000,0.04,1.14,224.74,624.265,0,864.24
0,0,0,0,0,0,0,0,0,0,1,0,0,0,0,0,0,0,0,0,0,0,0,0,0,0,0,0,0,0,0,0,0,0,0,0,5,1,22.55,1111.5,1392.2,29709000,35758000,1.17,6.99,187.7,9480.35,0,36721.91
0,0,0,0,0,0,0,0,0,0,0,1,0,0,0,0,0,0,0,0,0,0,0,0,0,0,0,0,0,0,0,0,0,0,0,0,5,0,17.7,338.3,466.3,10522000,17068000,1.44,0,0,0,0,17201.05
0,0,0,0,0,0,0,0,0,0,0,0,1,0,0,0,0,0,0,0,0,0,0,0,0,0,0,0,0,0,0,0,0,0,0,0,5,0,14.8,624.5,825.3,728000,6446000,0.13,0,0,0,1,1304.56
0,0,0,0,0,0,0,0,0,0,0,0,0,1,0,0,0,0,0,0,0,0,0,0,0,0,0,0,0,0,0,0,0,0,0,0,5,0,11.55,481.8,534.6,3729000,9202000,0.2,0,0,0,0,7260.6
0,0,0,0,0,0,0,0,0,0,0,0,0,0,1,0,0,0,0,0,0,0,0,0,0,0,0,0,0,0,0,0,0,0,0,0,5,0,19.6,1096.9,1091.9,8999000,26979000,1.45,0,0,0,0,7233.81
0,0,0,0,0,0,0,0,0,0,0,0,0,0,0,1,0,0,0,0,0,0,0,0,0,0,0,0,0,0,0,0,0,0,0,0,5,0,27,3479,4249.8,26548000,37855000,1.59,3.99,67.16,2183.87,0,42625.37
0,0,0,0,0,0,0,0,0,0,0,0,0,0,0,0,1,0,0,0,0,0,0,0,0,0,0,0,0,0,0,0,0,0,0,0,5,0,24.8,1352.2,2039.6,20909000,13730000,1.61,4.31,46.63,4448.15,0,12748.55
0,0,0,0,0,0,0,0,0,0,0,0,0,0,0,0,0,1,0,0,0,0,0,0,0,0,0,0,0,0,0,0,0,0,0,0,5,0,34.1,745.5,998.5,60000,7000,0,0.3,0,0,0,133.37
0,0,0,0,0,0,0,0,0,0,0,0,0,0,0,0,0,0,1,0,0,0,0,0,0,0,0,0,0,0,0,0,0,0,0,0,5,1,21.65,2289.4,1927.3,22372000,56815000,1.39,0,0,0,0,25809.19
0,0,0,0,0,0,0,0,0,0,0,0,0,0,0,0,0,0,0,1,0,0,0,0,0,0,0,0,0,0,0,0,0,0,0,0,5,1,20.5,6238.7,5281.5,55630000,63477000,2,4.63,25.92,5091.46,0,89357.27
0,0,0,0,0,0,0,0,0,0,0,0,0,0,0,0,0,0,0,0,1,0,0,0,0,0,0,0,0,0,0,0,0,0,0,0,5,0,10.8,1244,1496.9,926000,2093000,0.32,0,0,0,0,423.04
0,0,0,0,0,0,0,0,0,0,0,0,0,0,0,0,0,0,0,0,0,1,0,0,0,0,0,0,0,0,0,0,0,0,0,0,5,0,11.4,1249,1792.8,639000,2498000,0.12,0,0,0,0,712.58
0,0,0,0,0,0,0,0,0,0,0,0,0,0,0,0,0,0,0,0,0,0,1,0,0,0,0,0,0,0,0,0,0,0,0,0,5,0,9,1244,1496.9,620000,540000,0.08,0,0,0,0,609.24
0,0,0,0,0,0,0,0,0,0,0,0,0,0,0,0,0,0,0,0,0,0,0,1,0,0,0,0,0,0,0,0,0,0,0,0,5,0,7.8,1244,1496.9,759000,1333000,0.09,0,0,0,0,1284.17
0,0,0,0,0,0,0,0,0,0,0,0,0,0,0,0,0,0,0,0,0,0,0,0,1,0,0,0,0,0,0,0,0,0,0,0,5,1,19.95,1030.8,1149.9,7772000,36309000,4.55,1.53,3.73,3720.19,0,70.69
0,0,0,0,0,0,0,0,0,0,0,0,0,0,0,0,0,0,0,0,0,0,0,0,0,1,0,0,0,0,0,0,0,0,0,0,5,0,26.95,258.1,317.2,978000,435000,0.04,0.46,0,237.009,0,1518.52
0,0,0,0,0,0,0,0,0,0,0,0,0,0,0,0,0,0,0,0,0,0,0,0,0,0,1,0,0,0,0,0,0,0,0,0,5,0,16.6,352,491.9,11517000,17703000,1.33,0,0,0,0,17316.7
0,0,0,0,0,0,0,0,0,0,0,0,0,0,0,0,0,0,0,0,0,0,0,0,0,0,0,1,0,0,0,0,0,0,0,0,5,1,23.3,1128.5,879,19135000,55441000,0.5,0,0,0,0,24634.37
0,0,0,0,0,0,0,0,0,0,0,0,0,0,0,0,0,0,0,0,0,0,0,0,0,0,0,0,1,0,0,0,0,0,0,0,5,0,16.9,1996.2,2006.2,229000,417000,0,0,0,0,1,289.76
0,0,0,0,0,0,0,0,0,0,0,0,0,0,0,0,0,0,0,0,0,0,0,0,0,0,0,0,0,1,0,0,0,0,0,0,5,0,23.85,258.1,317.2,37926000,36827000,1.97,4.72,80.73,7076.41,0,55857.68
0,0,0,0,0,0,0,0,0,0,0,0,0,0,0,0,0,0,0,0,0,0,0,0,0,0,0,0,0,0,1,0,0,0,0,0,5,1,26.25,899.8,755.2,15612000,20913000,1.99,0,0,0,0,31181.32
0,0,0,0,0,0,0,0,0,0,0,0,0,0,0,0,0,0,0,0,0,0,0,0,0,0,0,0,0,0,0,1,0,0,0,0,5,0,16.25,1244,1496.9,1238000,2646000,0.72,0,0,0,0,1631.28
0,0,0,0,0,0,0,0,0,0,0,0,0,0,0,0,0,0,0,0,0,0,0,0,0,0,0,0,0,0,0,0,1,0,0,0,5,1,21.65,1430.4,1667,50063000,167012000,6.18,0,0,0,0,59064.3
0,0,0,0,0,0,0,0,0,0,0,0,0,0,0,0,0,0,0,0,0,0,0,0,0,0,0,0,0,0,0,0,0,1,0,0,5,1,17.3,1104.2,1229.1,3537000,7261000,0.04,0,0,0,1,4496.51
0,0,0,0,0,0,0,0,0,0,0,0,0,0,0,0,0,0,0,0,0,0,0,0,0,0,0,0,0,0,0,0,0,0,1,0,5,1,22.55,3159.1,3174.1,32431000,62851000,15.25,1.77,290.26,1227.37,0,53348.4
1,0,0,0,0,0,0,0,0,0,0,0,0,0,0,0,0,0,0,0,0,0,0,0,0,0,0,0,0,0,0,0,0,0,0,0,4,0,33.4,1678.5,1682.5,156000,234000,0,0.37,0,0,0,363.9
0,1,0,0,0,0,0,0,0,0,0,0,0,0,0,0,0,0,0,0,0,0,0,0,0,0,0,0,0,0,0,0,0,0,0,0,4,0,31.35,1000.3,979.4,16335000,34797000,18.32,5.2,57.73,8696.41,0,24540.26
0,0,1,0,0,0,0,0,0,0,0,0,0,0,0,0,0,0,0,0,0,0,0,0,0,0,0,0,0,0,0,0,0,0,0,0,4,0,7,1875,1768,346000,1102000,0.04,0,0,0,0,49.54
0,0,0,1,0,0,0,0,0,0,0,0,0,0,0,0,0,0,0,0,0,0,0,0,0,0,0,0,0,0,0,0,0,0,0,0,4,1,7.8,1747.7,1792.8,4814000,28092000,2.94,0,0,0,0,30179.95
0,0,0,0,1,0,0,0,0,0,0,0,0,0,0,0,0,0,0,0,0,0,0,0,0,0,0,0,0,0,0,0,0,0,0,0,4,0,24.3,742.3,1027.6,13156000,99676000,5.07,0,0,0,0,11194.12
0,0,0,0,0,1,0,0,0,0,0,0,0,0,0,0,0,0,0,0,0,0,0,0,0,0,0,0,0,0,0,0,0,0,0,0,4,0,15.7,295.5,466.3,1110000,15000,0,0,0,0,0,1409.92
0,0,0,0,0,0,1,0,0,0,0,0,0,0,0,0,0,0,0,0,0,0,0,0,0,0,0,0,0,0,0,0,0,0,0,0,4,0,17.9,1009.8,1147.3,6732000,20569000,3.42,0,0,0,0,8555.75
0,0,0,0,0,0,0,1,0,0,0,0,0,0,0,0,0,0,0,0,0,0,0,0,0,0,0,0,0,0,0,0,0,0,0,0,4,0,20.2,1161.9,1403.5,570000,232000,0,0.23,0,714.21,0,350.33
0,0,0,0,0,0,0,0,1,0,0,0,0,0,0,0,0,0,0,0,0,0,0,0,0,0,0,0,0,0,0,0,0,0,0,0,4,0,19.9,295.5,466.3,18145000,280000,0.01,0,0,0,0,36657.97
0,0,0,0,0,0,0,0,0,1,0,0,0,0,0,0,0,0,0,0,0,0,0,0,0,0,0,0,0,0,0,0,0,0,0,0,4,0,18.3,2005,2914.3,1012000,493000,0.05,1.07,0.93,714.21,0,749.28
0,0,0,0,0,0,0,0,0,0,1,0,0,0,0,0,0,0,0,0,0,0,0,0,0,0,0,0,0,0,0,0,0,0,0,0,4,1,29.3,1161.9,1403.5,28952000,35577000,1.12,6.97,186.45,10846.3,0,36195.76
0,0,0,0,0,0,0,0,0,0,0,1,0,0,0,0,0,0,0,0,0,0,0,0,0,0,0,0,0,0,0,0,0,0,0,0,4,0,17.8,295.5,466.3,10200000,16975000,1.21,0,0,0,0,18433.21
0,0,0,0,0,0,0,0,0,0,0,0,1,0,0,0,0,0,0,0,0,0,0,0,0,0,0,0,0,0,0,0,0,0,0,0,4,0,14.7,638.3,825.3,721000,6398000,0.12,0,0,0,1,1318.49
0,0,0,0,0,0,0,0,0,0,0,0,0,1,0,0,0,0,0,0,0,0,0,0,0,0,0,0,0,0,0,0,0,0,0,0,4,1,11.55,614,534.6,3662000,9151000,0.2,0,0,0,0,13603.84
0,0,0,0,0,0,0,0,0,0,0,0,0,0,1,0,0,0,0,0,0,0,0,0,0,0,0,0,0,0,0,0,0,0,0,0,4,0,21.7,941.9,1091.9,8798000,26627000,1.16,0,0,0,0,6228.43
0,0,0,0,0,0,0,0,0,0,0,0,0,0,0,1,0,0,0,0,0,0,0,0,0,0,0,0,0,0,0,0,0,0,0,0,4,0,28.35,3249.7,4249.8,26000000,37811000,1.69,4.12,20.74,2498.52,0,33693.33
0,0,0,0,0,0,0,0,0,0,0,0,0,0,0,0,1,0,0,0,0,0,0,0,0,0,0,0,0,0,0,0,0,0,0,0,4,0,22.55,1514.7,2039.6,19969000,14453000,2.11,5.17,46.33,5089.05,0,12668.69
0,0,0,0,0,0,0,0,0,0,0,0,0,0,0,0,0,1,0,0,0,0,0,0,0,0,0,0,0,0,0,0,0,0,0,0,4,0,29.8,860.9,998.5,59000,7000,0,0.16,0,0,0,131.38
0,0,0,0,0,0,0,0,0,0,0,0,0,0,0,0,0,0,1,0,0,0,0,0,0,0,0,0,0,0,0,0,0,0,0,0,4,1,26.35,1659.6,1927.3,21943000,56039000,1.15,0,0,0,0,25447.19
0,0,0,0,0,0,0,0,0,0,0,0,0,0,0,0,0,0,0,1,0,0,0,0,0,0,0,0,0,0,0,0,0,0,0,0,4,1,23.35,3753.7,5281.1,54731000,63149000,1.46,4.34,567.64,5825.05,0,83327.42
0,0,0,0,0,0,0,0,0,0,0,0,0,0,0,0,0,0,0,0,1,0,0,0,0,0,0,0,0,0,0,0,0,0,0,0,4,1,8.1,1050.3,1496.9,909000,2079000,0.32,0,0,0,0,418.7
0,0,0,0,0,0,0,0,0,0,0,0,0,0,0,0,0,0,0,0,0,1,0,0,0,0,0,0,0,0,0,0,0,0,0,0,4,0,11,1747.7,1792.8,630000,2475000,0.11,0,0,0,0,712.58
0,0,0,0,0,0,0,0,0,0,0,0,0,0,0,0,0,0,0,0,0,0,1,0,0,0,0,0,0,0,0,0,0,0,0,0,4,0,7,1050.3,1496.9,611000,537000,0.07,0,0,0,0,749.79
0,0,0,0,0,0,0,0,0,0,0,0,0,0,0,0,0,0,0,0,0,0,0,1,0,0,0,0,0,0,0,0,0,0,0,0,4,0,6,1050.3,1496.9,722000,1348000,0.08,0,0,0,0,1065.06
0,0,0,0,0,0,0,0,0,0,0,0,0,0,0,0,0,0,0,0,0,0,0,0,1,0,0,0,0,0,0,0,0,0,0,0,4,1,21.15,1034.4,1149.9,7627000,36073000,3.77,1.45,15.09,4256.21,0,9811.15
0,0,0,0,0,0,0,0,0,0,0,0,0,0,0,0,0,0,0,0,0,0,0,0,0,1,0,0,0,0,0,0,0,0,0,0,4,0,29.8,285.8,317.2,954000,427000,0.07,0.47,0,271.158,0,1542.27
0,0,0,0,0,0,0,0,0,0,0,0,0,0,0,0,0,0,0,0,0,0,0,0,0,0,1,0,0,0,0,0,0,0,0,0,4,0,16.5,336.3,491.9,11307000,17647000,1.2,0,0,0,0,16980.8
0,0,0,0,0,0,0,0,0,0,0,0,0,0,0,0,0,0,0,0,0,0,0,0,0,0,0,1,0,0,0,0,0,0,0,0,4,1,26.6,940.6,879,18748000,54733000,0.42,0,0,0,0,24272.67
0,0,0,0,0,0,0,0,0,0,0,0,0,0,0,0,0,0,0,0,0,0,0,0,0,0,0,0,1,0,0,0,0,0,0,0,4,0,14.7,1883,2006.2,214000,425000,0,0,0,0,1,273.58
0,0,0,0,0,0,0,0,0,0,0,0,0,0,0,0,0,0,0,0,0,0,0,0,0,0,0,0,0,1,0,0,0,0,0,0,4,1,24.85,285.8,317.2,37372000,36931000,2.43,4.67,153.4,8095.99,0,876.44
0,0,0,0,0,0,0,0,0,0,0,0,0,0,0,0,0,0,0,0,0,0,0,0,0,0,0,0,0,0,1,0,0,0,0,0,4,0,28.6,600.8,755.2,15231000,21012000,2.37,0,0,0,0,25256.66
0,0,0,0,0,0,0,0,0,0,0,0,0,0,0,0,0,0,0,0,0,0,0,0,0,0,0,0,0,0,0,1,0,0,0,0,4,0,14.05,1050.3,1496.9,1184000,2660000,0.69,0,0,0,0,1577.59
0,0,0,0,0,0,0,0,0,0,0,0,0,0,0,0,0,0,0,0,0,0,0,0,0,0,0,0,0,0,0,0,1,0,0,0,4,0,22.45,912,1667,49021000,164896000,5.05,0,0,0,0,57890.64
0,0,0,0,0,0,0,0,0,0,0,0,0,0,0,0,0,0,0,0,0,0,0,0,0,0,0,0,0,0,0,0,0,1,0,0,4,0,15.95,881.5,1229.1,3444000,7222000,0.04,0,0,0,1,3494.32
0,0,0,0,0,0,0,0,0,0,0,0,0,0,0,0,0,0,0,0,0,0,0,0,0,0,0,0,0,0,0,0,0,0,1,0,4,1,24.95,3148.5,3174.1,31804000,62768000,14.93,1.78,288.09,1404.21,0,45583.99
1,0,0,0,0,0,0,0,0,0,0,0,0,0,0,0,0,0,0,0,0,0,0,0,0,0,0,0,0,0,0,0,0,0,0,0,3,0,36.6,1618.6,1682.5,153000,235000,0,0.38,0,0,0,362.03
0,1,0,0,0,0,0,0,0,0,0,0,0,0,0,0,0,0,0,0,0,0,0,0,0,0,0,0,0,0,0,0,0,0,0,0,3,1,27.5,757.3,979.4,15928000,34845000,27.16,5.63,57.73,19034.2,0,24414.9
0,0,1,0,0,0,0,0,0,0,0,0,0,0,0,0,0,0,0,0,0,0,0,0,0,0,0,0,0,0,0,0,0,0,0,0,3,1,7.95,1747.6,1768,339000,1094000,0.04,0,0,0,0,516.48
0,0,0,1,0,0,0,0,0,0,0,0,0,0,0,0,0,0,0,0,0,0,0,0,0,0,0,0,0,0,0,0,0,0,0,0,3,1,10.35,1635.1,1792.8,4716000,27798000,3.15,0,0,0,0,17125.93
0,0,0,0,1,0,0,0,0,0,0,0,0,0,0,0,0,0,0,0,0,0,0,0,0,0,0,0,0,0,0,0,0,0,0,0,3,1,20.75,849.3,1027.6,12829000,97988000,5.41,0,0,0,0,10994.21
0,0,0,0,0,1,0,0,0,0,0,0,0,0,0,0,0,0,0,0,0,0,0,0,0,0,0,0,0,0,0,0,0,0,0,0,3,0,15.6,203.2,466.3,1091000,18000,0,0,0,0,0,1702.9
0,0,0,0,0,0,1,0,0,0,0,0,0,0,0,0,0,0,0,0,0,0,0,0,0,0,0,0,0,0,0,0,0,0,0,0,3,1,15.7,1104.8,1147.3,6545000,20351000,4.27,0,0,0,0,9945.83
0,0,0,0,0,0,0,1,0,0,0,0,0,0,0,0,0,0,0,0,0,0,0,0,0,0,0,0,0,0,0,0,0,0,0,0,3,0,22.8,1231.7,1374.5,629000,232000,0,0.32,0,1563.22,0,376.1
0,0,0,0,0,0,0,0,1,0,0,0,0,0,0,0,0,0,0,0,0,0,0,0,0,0,0,0,0,0,0,0,0,0,0,0,3,0,17.3,203.2,466.3,17737000,310000,0.01,0,0,0,0,37087.22
0,0,0,0,0,0,0,0,0,1,0,0,0,0,0,0,0,0,0,0,0,0,0,0,0,0,0,0,0,0,0,0,0,0,0,0,3,0,22,2752.8,2914.3,988000,506000,0.05,1.09,0.91,1563.22,0,743.81
0,0,0,0,0,0,0,0,0,0,1,0,0,0,0,0,0,0,0,0,0,0,0,0,0,0,0,0,0,0,0,0,0,0,0,0,3,1,24.95,1231.7,1374.5,28199000,35386000,1.27,6.7,183.87,23739.7,0,35666.25
0,0,0,0,0,0,0,0,0,0,0,1,0,0,0,0,0,0,0,0,0,0,0,0,0,0,0,0,0,0,0,0,0,0,0,0,3,0,14.5,203.2,466.3,9879000,16875000,1.57,0,0,0,0,17727.1
0,0,0,0,0,0,0,0,0,0,0,0,1,0,0,0,0,0,0,0,0,0,0,0,0,0,0,0,0,0,0,0,0,0,0,0,3,1,15.5,521.8,825.3,714000,6347000,0.13,0,0,0,1,1307.75
0,0,0,0,0,0,0,0,0,0,0,0,0,1,0,0,0,0,0,0,0,0,0,0,0,0,0,0,0,0,0,0,0,0,0,0,3,1,13.1,633,534.6,3594000,9093000,0.2,0,0,0,0,7123.6
0,0,0,0,0,0,0,0,0,0,0,0,0,0,1,0,0,0,0,0,0,0,0,0,0,0,0,0,0,0,0,0,0,0,0,0,3,0,16.55,930.1,1091.9,8595000,26268000,1.68,0,0,0,0,7009.63
0,0,0,0,0,0,0,0,0,0,0,0,0,0,0,1,0,0,0,0,0,0,0,0,0,0,0,0,0,0,0,0,0,0,0,0,3,1,25.2,4401.2,4249.8,25442000,37742000,1.83,3.93,42.15,5468.62,0,35411.01
0,0,0,0,0,0,0,0,0,0,0,0,0,0,0,0,1,0,0,0,0,0,0,0,0,0,0,0,0,0,0,0,0,0,0,0,3,0,18.8,2163,2039.6,19024000,15164000,1.88,4.94,46.93,11138.6,0,12582.57
0,0,0,0,0,0,0,0,0,0,0,0,0,0,0,0,0,1,0,0,0,0,0,0,0,0,0,0,0,0,0,0,0,0,0,0,3,0,35,955.3,998.5,57000,9000,0,0.21,0,0,0,131.38
0,0,0,0,0,0,0,0,0,0,0,0,0,0,0,0,0,0,1,0,0,0,0,0,0,0,0,0,0,0,0,0,0,0,0,0,3,1,21.4,1518.9,1927.3,21507000,55239000,1.47,0,0,0,0,25187.52
0,0,0,0,0,0,0,0,0,0,0,0,0,0,0,0,0,0,0,1,0,0,0,0,0,0,0,0,0,0,0,0,0,0,0,0,3,1,20.35,4644.2,5281.1,53819000,62790000,1.35,4.43,476.15,12749.5,0,85100.49
0,0,0,0,0,0,0,0,0,0,0,0,0,0,0,0,0,0,0,0,1,0,0,0,0,0,0,0,0,0,0,0,0,0,0,0,3,0,10.9,1118.8,1496.9,891000,2066000,0.31,0,0,0,0,414.35
0,0,0,0,0,0,0,0,0,0,0,0,0,0,0,0,0,0,0,0,0,1,0,0,0,0,0,0,0,0,0,0,0,0,0,0,3,1,11.6,1635.1,1792.8,622000,2450000,0.12,0,0,0,0,561.27
0,0,0,0,0,0,0,0,0,0,0,0,0,0,0,0,0,0,0,0,0,0,1,0,0,0,0,0,0,0,0,0,0,0,0,0,3,0,9.4,1118.8,1496.9,602000,534000,0.07,0,0,0,0,741.95
0,0,0,0,0,0,0,0,0,0,0,0,0,0,0,0,0,0,0,0,0,0,0,1,0,0,0,0,0,0,0,0,0,0,0,0,3,0,7.7,1118.8,1496.9,686000,1363000,0.09,0,0,0,0,1054.26
0,0,0,0,0,0,0,0,0,0,0,0,0,0,0,0,0,0,0,0,0,0,0,0,1,0,0,0,0,0,0,0,0,0,0,0,3,1,18.5,1256.9,1149.9,7481000,35821000,5.11,1.49,1.01,9315.73,0,5641.73
0,0,0,0,0,0,0,0,0,0,0,0,0,0,0,0,0,0,0,0,0,0,0,0,0,1,0,0,0,0,0,0,0,0,0,0,3,0,25.85,315.2,317.2,931000,420000,0.06,0.41,0,593.494,0,1508.77
0,0,0,0,0,0,0,0,0,0,0,0,0,0,0,0,0,0,0,0,0,0,0,0,0,0,1,0,0,0,0,0,0,0,0,0,3,0,14.45,243.9,491.9,11095000,17579000,1.32,0,0,0,0,16413.95
0,0,0,0,0,0,0,0,0,0,0,0,0,0,0,0,0,0,0,0,0,0,0,0,0,0,0,1,0,0,0,0,0,0,0,0,3,0,23.9,881.4,879,18351000,53992000,0.6,0,0,0,0,23896.75
0,0,0,0,0,0,0,0,0,0,0,0,0,0,0,0,0,0,0,0,0,0,0,0,0,0,0,0,1,0,0,0,0,0,0,0,3,0,18.1,1864.5,2006.2,199000,433000,0,0,0,0,1,270.58
0,0,0,0,0,0,0,0,0,0,0,0,0,0,0,0,0,0,0,0,0,0,0,0,0,0,0,0,0,1,0,0,0,0,0,0,3,1,23.95,315.2,317.2,36799000,37007000,1.91,4.99,400.33,17720,0,42228.38
0,0,0,0,0,0,0,0,0,0,0,0,0,0,0,0,0,0,0,0,0,0,0,0,0,0,0,0,0,0,1,0,0,0,0,0,3,0,23.05,498.5,755.2,14849000,21102000,2.52,0,0,0,0,30691.29
0,0,0,0,0,0,0,0,0,0,0,0,0,0,0,0,0,0,0,0,0,0,0,0,0,0,0,0,0,0,0,1,0,0,0,0,3,0,11.9,1118.8,1496.9,1131000,2673000,0.71,0,0,0,0,1514.05
0,0,0,0,0,0,0,0,0,0,0,0,0,0,0,0,0,0,0,0,0,0,0,0,0,0,0,0,0,0,0,0,1,0,0,0,3,1,18.15,858.4,1667,47964000,162698000,5.95,0,0,0,0,56965.49
0,0,0,0,0,0,0,0,0,0,0,0,0,0,0,0,0,0,0,0,0,0,0,0,0,0,0,0,0,0,0,0,0,1,0,0,3,1,15.6,897.6,1229.1,3351000,7181000,0.04,0,0,0,1,4598.13
0,0,0,0,0,0,0,0,0,0,0,0,0,0,0,0,0,0,0,0,0,0,0,0,0,0,0,0,0,0,0,0,0,0,1,0,3,0,25.1,2865.6,3174.1,31167000,62644000,15.29,1.7,287.58,3073.45,0,45217.18
1,0,0,0,0,0,0,0,0,0,0,0,0,0,0,0,0,0,0,0,0,0,0,0,0,0,0,0,0,0,0,0,0,0,0,0,2,0,36.85,2152.1,1682.5,150000,236000,0,0.38,0,0,0,360.17
0,1,0,0,0,0,0,0,0,0,0,0,0,0,0,0,0,0,0,0,0,0,0,0,0,0,0,0,0,0,0,0,0,0,0,0,2,1,27.2,944.6,979.4,15526000,34888000,26.97,5.59,109.56,8750.104355,0,24242.27
0,0,1,0,0,0,0,0,0,0,0,0,0,0,0,0,0,0,0,0,0,0,0,0,0,0,0,0,0,0,0,0,0,0,0,0,2,1,7.2,1165.9,1768,333000,1085000,0.04,0,0,0,0,511.07
0,0,0,1,0,0,0,0,0,0,0,0,0,0,0,0,0,0,0,0,0,0,0,0,0,0,0,0,0,0,0,0,0,0,0,0,2,1,9.45,1168.4,1792.8,4620000,27501000,3.11,0,0,0,0,16918.92
0,0,0,0,1,0,0,0,0,0,0,0,0,0,0,0,0,0,0,0,0,0,0,0,0,0,0,0,0,0,0,0,0,0,0,0,2,1,18.7,722.2,1027.6,12505000,96297000,5.31,0,0,0,0,10794.3
0,0,0,0,0,1,0,0,0,0,0,0,0,0,0,0,0,0,0,0,0,0,0,0,0,0,0,0,0,0,0,0,0,0,0,0,2,0,15.5,363.3,466.3,1072000,21000,0,0,0,0,0,1678.34
0,0,0,0,0,0,1,0,0,0,0,0,0,0,0,0,0,0,0,0,0,0,0,0,0,0,0,0,0,0,0,0,0,0,0,0,2,1,15.25,1165.1,1147.3,6360000,20131000,4.21,0,0,0,0,9796.06
0,0,0,0,0,0,0,1,0,0,0,0,0,0,0,0,0,0,0,0,0,0,0,0,0,0,0,0,0,0,0,0,0,0,0,0,2,0,21.9,1961.1,1374.5,688000,232000,0,0.34,0,1435.608097,0,401.87
0,0,0,0,0,0,0,0,1,0,0,0,0,0,0,0,0,0,0,0,0,0,0,0,0,0,0,0,0,0,0,0,0,0,0,0,2,1,15.9,363.3,466.3,17328000,342000,0.01,0,0,0,0,36312.47
0,0,0,0,0,0,0,0,0,1,0,0,0,0,0,0,0,0,0,0,0,0,0,0,0,0,0,0,0,0,0,0,0,0,0,0,2,0,22.4,3498.4,2914.3,963000,520000,0.05,1.08,1.03,1435.608097,0,738.33
0,0,0,0,0,0,0,0,0,0,1,0,0,0,0,0,0,0,0,0,0,0,0,0,0,0,0,0,0,0,0,0,0,0,0,0,2,1,21.9,1961.1,1374.5,27454000,35188000,1.26,6.6,174.34,10677.83217,0,35137.3
0,0,0,0,0,0,0,0,0,0,0,1,0,0,0,0,0,0,0,0,0,0,0,0,0,0,0,0,0,0,0,0,0,0,0,0,2,0,15.2,363.3,466.3,9564000,16769000,1.55,0,0,0,0,17448.15
0,0,0,0,0,0,0,0,0,0,0,0,1,0,0,0,0,0,0,0,0,0,0,0,0,0,0,0,0,0,0,0,0,0,0,0,2,1,17,774.2,825.3,706000,6296000,0.13,0,0,0,1,1296.82
0,0,0,0,0,0,0,0,0,0,0,0,0,1,0,0,0,0,0,0,0,0,0,0,0,0,0,0,0,0,0,0,0,0,0,0,2,1,14.25,651.9,534.6,3526000,9035000,0.2,0,0,0,0,7052.85
0,0,0,0,0,0,0,0,0,0,0,0,0,0,1,0,0,0,0,0,0,0,0,0,0,0,0,0,0,0,0,0,0,0,0,0,2,0,17.05,844.5,1091.9,8395000,25905000,1.65,0,0,0,0,6896.43
0,0,0,0,0,0,0,0,0,0,0,0,0,0,0,1,0,0,0,0,0,0,0,0,0,0,0,0,0,0,0,0,0,0,0,0,2,1,25.5,4981.4,4249.8,24891000,37667000,1.82,3.89,12.36,2495.182683,0,35060.17
0,0,0,0,0,0,0,0,0,0,0,0,0,0,0,0,1,0,0,0,0,0,0,0,0,0,0,0,0,0,0,0,0,0,0,0,2,1,19.55,2561.2,2039.6,18086000,15867000,1.87,4.91,0.01,5123.603286,0,12496.08
0,0,0,0,0,0,0,0,0,0,0,0,0,0,0,0,0,1,0,0,0,0,0,0,0,0,0,0,0,0,0,0,0,0,0,0,2,0,36,1057,998.5,55000,10000,0,0.21,0,0,0,129.39
0,0,0,0,0,0,0,0,0,0,0,0,0,0,0,0,0,0,1,0,0,0,0,0,0,0,0,0,0,0,0,0,0,0,0,0,2,1,20.6,2607.3,1927.3,21073000,54437000,1.44,0,0,0,0,24781.88
0,0,0,0,0,0,0,0,0,0,0,0,0,0,0,0,0,0,0,1,0,0,0,0,0,0,0,0,0,0,0,0,0,0,0,0,2,1,20.95,6485.2,5281.1,52912000,62427000,1.34,4.38,710.65,5798.988341,0,84173.65
0,0,0,0,0,0,0,0,0,0,0,0,0,0,0,0,0,0,0,0,1,0,0,0,0,0,0,0,0,0,0,0,0,0,0,0,2,0,9.5,995.2,1496.9,874000,2052000,0.31,0,0,0,0,410.01
0,0,0,0,0,0,0,0,0,0,0,0,0,0,0,0,0,0,0,0,0,1,0,0,0,0,0,0,0,0,0,0,0,0,0,0,2,0,11.25,1168.4,1792.8,614000,2426000,0.12,0,0,0,0,555.43
0,0,0,0,0,0,0,0,0,0,0,0,0,0,0,0,0,0,0,0,0,0,1,0,0,0,0,0,0,0,0,0,0,0,0,0,2,0,10,995.2,1496.9,593000,531000,0.07,0,0,0,0,734.11
0,0,0,0,0,0,0,0,0,0,0,0,0,0,0,0,0,0,0,0,0,0,0,1,0,0,0,0,0,0,0,0,0,0,0,0,2,0,7.3,995.2,1496.9,651000,1376000,0.08,0,0,0,0,1042.94
0,0,0,0,0,0,0,0,0,0,0,0,0,0,0,0,0,0,0,0,0,0,0,0,1,0,0,0,0,0,0,0,0,0,0,0,2,1,19.65,1115.6,1149.9,7336000,35568000,5.06,1.48,0.49,4256.822054,0,5589.88
0,0,0,0,0,0,0,0,0,0,0,0,0,0,0,0,0,0,0,0,0,0,0,0,0,1,0,0,0,0,0,0,0,0,0,0,2,0,27,321.5,317.2,907000,413000,0.06,0.4,0,261.0016137,0,1474.15
0,0,0,0,0,0,0,0,0,0,0,0,0,0,0,0,0,0,0,0,0,0,0,0,0,0,1,0,0,0,0,0,0,0,0,0,2,0,14.95,479.7,491.9,10884000,17511000,1.3,0,0,0,0,16254.24
0,0,0,0,0,0,0,0,0,0,0,0,0,0,0,0,0,0,0,0,0,0,0,0,0,0,0,1,0,0,0,0,0,0,0,0,2,0,22.3,1114,879,17957000,53247000,0.59,0,0,0,0,23520.51
0,0,0,0,0,0,0,0,0,0,0,0,0,0,0,0,0,0,0,0,0,0,0,0,0,0,0,0,1,0,0,0,0,0,0,0,2,0,18.3,1717.6,2006.2,185000,441000,0,0,0,0,1,268.01
0,0,0,0,0,0,0,0,0,0,0,0,0,0,0,0,0,0,0,0,0,0,0,0,0,0,0,0,0,1,0,0,0,0,0,0,2,0,23.6,321.5,317.2,36229000,37079000,1.89,4.96,255.96,8157.126432,0,41943.45
0,0,0,0,0,0,0,0,0,0,0,0,0,0,0,0,0,0,0,0,0,0,0,0,0,0,0,0,0,0,1,0,0,0,0,0,2,0,23.1,949.2,755.2,14472000,21188000,2.5,0,0,0,0,30442.87
0,0,0,0,0,0,0,0,0,0,0,0,0,0,0,0,0,0,0,0,0,0,0,0,0,0,0,0,0,0,0,1,0,0,0,0,2,0,13.75,995.2,1496.9,1078000,2686000,0.7,0,0,0,0,1498.13
0,0,0,0,0,0,0,0,0,0,0,0,0,0,0,0,0,0,0,0,0,0,0,0,0,0,0,0,0,0,0,0,1,0,0,0,2,1,17.95,1623.2,1667,46914000,160493000,5.86,0,0,0,0,56085.3
0,0,0,0,0,0,0,0,0,0,0,0,0,0,0,0,0,0,0,0,0,0,0,0,0,0,0,0,0,0,0,0,0,1,0,0,2,1,16.05,1373,1229.1,3259000,7139000,0.04,0,0,0,1,4539.63
0,0,0,0,0,0,0,0,0,0,0,0,0,0,0,0,0,0,0,0,0,0,0,0,0,0,0,0,0,0,0,0,0,0,1,0,2,1,25.9,2885.3,3174.1,30537000,62514000,15.16,1.68,285.25,1409.11754,0,44850.86
1,0,0,0,0,0,0,0,0,0,0,0,0,0,0,0,0,0,0,0,0,0,0,0,0,0,0,0,0,0,0,0,0,0,0,0,1,0,39.9,2054.7,1682.5,147000,237000,0,0.38,0,0,0,358.3
0,1,0,0,0,0,0,0,0,0,0,0,0,0,0,0,0,0,0,0,0,0,0,0,0,0,0,0,0,0,0,0,0,0,0,0,1,0,24.9,1012.5,979.4,15130000,34926000,26.78,5.55,109.56,8687.968096,0,24070.12
0,0,1,0,0,0,0,0,0,0,0,0,0,0,0,0,0,0,0,0,0,0,0,0,0,0,0,0,0,0,0,0,0,0,0,0,1,0,7.8,1846.1,1768,326000,1077000,0.04,0,0,0,0,505.66
0,0,0,1,0,0,0,0,0,0,0,0,0,0,0,0,0,0,0,0,0,0,0,0,0,0,0,0,0,0,0,0,0,0,0,0,1,1,9.8,1738.4,1792.8,4525000,27204000,3.07,0,0,0,0,16712.45
0,0,0,0,1,0,0,0,0,0,0,0,0,0,0,0,0,0,0,0,0,0,0,0,0,0,0,0,0,0,0,0,0,0,0,0,1,0,20.3,813,1027.6,12183000,94604000,5.21,0,0,0,0,10594.39
0,0,0,0,0,1,0,0,0,0,0,0,0,0,0,0,0,0,0,0,0,0,0,0,0,0,0,0,0,0,0,0,0,0,0,0,1,0,16.4,282.9,466.3,1053000,24000,0,0,0,0,0,1653.77
0,0,0,0,0,0,1,0,0,0,0,0,0,0,0,0,0,0,0,0,0,0,0,0,0,0,0,0,0,0,0,0,0,0,0,0,1,0,16.1,1227.5,1147.3,6178000,19908000,4.14,0,0,0,0,9646.3
0,0,0,0,0,0,0,1,0,0,0,0,0,0,0,0,0,0,0,0,0,0,0,0,0,0,0,0,0,0,0,0,0,0,0,0,1,0,22.6,958.7,1374.5,748000,231000,0,0.36,0,1425.927665,0,427.64
0,0,0,0,0,0,0,0,1,0,0,0,0,0,0,0,0,0,0,0,0,0,0,0,0,0,0,0,0,0,0,0,0,0,0,0,1,0,19.4,282.9,466.3,16918000,374000,0.01,0,0,0,0,35535.67
0,0,0,0,0,0,0,0,0,1,0,0,0,0,0,0,0,0,0,0,0,0,0,0,0,0,0,0,0,0,0,0,0,0,0,0,1,0,22,2817.6,2914.3,939000,534000,0.05,1.07,14.42,1425.927665,0,733.35
0,0,0,0,0,0,0,0,0,0,1,0,0,0,0,0,0,0,0,0,0,0,0,0,0,0,0,0,0,0,0,0,0,0,0,0,1,0,23.05,958.7,1374.5,26717000,34981000,1.24,6.5,174.34,10516.91978,0,34607.79
0,0,0,0,0,0,0,0,0,0,0,1,0,0,0,0,0,0,0,0,0,0,0,0,0,0,0,0,0,0,0,0,0,0,0,0,1,0,16,282.9,466.3,9252000,16660000,1.53,0,0,0,0,17169.19
0,0,0,0,0,0,0,0,0,0,0,0,1,0,0,0,0,0,0,0,0,0,0,0,0,0,0,0,0,0,0,0,0,0,0,0,1,1,17.4,696.3,825.3,699000,6244000,0.12,0,0,0,1,1285.89
0,0,0,0,0,0,0,0,0,0,0,0,0,1,0,0,0,0,0,0,0,0,0,0,0,0,0,0,0,0,0,0,0,0,0,0,1,1,13.55,558.8,534.6,3459000,8976000,0.2,0,0,0,0,6982.1
0,0,0,0,0,0,0,0,0,0,0,0,0,0,1,0,0,0,0,0,0,0,0,0,0,0,0,0,0,0,0,0,0,0,0,0,1,0,16.1,938.5,1091.9,8196000,25542000,1.62,0,0,0,0,6783.43
0,0,0,0,0,0,0,0,0,0,0,0,0,0,0,1,0,0,0,0,0,0,0,0,0,0,0,0,0,0,0,0,0,0,0,0,1,0,24.4,3922.4,4249.8,24345000,37586000,1.8,3.85,12.36,2470.174219,0,34708.77
0,0,0,0,0,0,0,0,0,0,0,0,0,0,0,0,1,0,0,0,0,0,0,0,0,0,0,0,0,0,0,0,0,0,0,0,1,0,19.3,1547.7,2039.6,17157000,16562000,1.86,4.87,18.16,5088.292027,0,12409.96
0,0,0,0,0,0,0,0,0,0,0,0,0,0,0,0,0,1,0,0,0,0,0,0,0,0,0,0,0,0,0,0,0,0,0,0,1,0,31.8,1147.1,998.5,53000,12000,0,0.21,0,0,0,129.39
0,0,0,0,0,0,0,0,0,0,0,0,0,0,0,0,0,0,1,0,0,0,0,0,0,0,0,0,0,0,0,0,0,0,0,0,1,0,22.5,2018.3,1927.3,20642000,53633000,1.42,0,0,0,0,24376.56
0,0,0,0,0,0,0,0,0,0,0,0,0,0,0,0,0,0,0,1,0,0,0,0,0,0,0,0,0,0,0,0,0,0,0,0,1,0,20.3,4853.3,5281.1,52011000,62057000,1.32,4.33,13.25,5735.085288,0,83246.09
0,0,0,0,0,0,0,0,0,0,0,0,0,0,0,0,0,0,0,0,1,0,0,0,0,0,0,0,0,0,0,0,0,0,0,0,1,0,9.3,1122.6,1496.9,857000,2038000,0.31,0,0,0,0,405.67
0,0,0,0,0,0,0,0,0,0,0,0,0,0,0,0,0,0,0,0,0,1,0,0,0,0,0,0,0,0,0,0,0,0,0,0,1,0,11.45,1738.4,1792.8,606000,2401000,0.12,0,0,0,0,549.4
0,0,0,0,0,0,0,0,0,0,0,0,0,0,0,0,0,0,0,0,0,0,1,0,0,0,0,0,0,0,0,0,0,0,0,0,1,0,10.6,1122.6,1496.9,584000,528000,0.07,0,0,0,0,726.28
0,0,0,0,0,0,0,0,0,0,0,0,0,0,0,0,0,0,0,0,0,0,0,1,0,0,0,0,0,0,0,0,0,0,0,0,1,0,7.6,1122.6,1496.9,616000,1389000,0.08,0,0,0,0,1031.62
0,0,0,0,0,0,0,0,0,0,0,0,0,0,0,0,0,0,0,0,0,0,0,0,1,0,0,0,0,0,0,0,0,0,0,0,1,0,19.2,1144,1149.9,7193000,35312000,5.02,1.47,46.36,4217.234324,0,5537.9
0,0,0,0,0,0,0,0,0,0,0,0,0,0,0,0,0,0,0,0,0,0,0,0,0,1,0,0,0,0,0,0,0,0,0,0,1,0,28.75,243.5,317.2,884000,405000,0.06,0.39,0,254.8720303,0,1439.53
0,0,0,0,0,0,0,0,0,0,0,0,0,0,0,0,0,0,0,0,0,0,0,0,0,0,1,0,0,0,0,0,0,0,0,0,1,0,15.6,265.9,491.9,10675000,17441000,1.29,0,0,0,0,16094.53
0,0,0,0,0,0,0,0,0,0,0,0,0,0,0,0,0,0,0,0,0,0,0,0,0,0,0,1,0,0,0,0,0,0,0,0,1,0,24.05,971.7,879,17566000,52500000,0.58,0,0,0,0,23144.6
0,0,0,0,0,0,0,0,0,0,0,0,0,0,0,0,0,0,0,0,0,0,0,0,0,0,0,0,1,0,0,0,0,0,0,0,1,0,18.5,2091.3,2006.2,171000,448000,0,0,0,0,1,265.02
0,0,0,0,0,0,0,0,0,0,0,0,0,0,0,0,0,0,0,0,0,0,0,0,0,0,0,0,0,1,0,0,0,0,0,0,1,0,23.35,243.5,317.2,35664000,37147000,1.88,4.92,209.94,8101.824258,0,41659.09
0,0,0,0,0,0,0,0,0,0,0,0,0,0,0,0,0,0,0,0,0,0,0,0,0,0,0,0,0,0,1,0,0,0,0,0,1,0,22.2,787.2,755.2,14099000,21269000,2.48,0,0,0,0,30193.59
0,0,0,0,0,0,0,0,0,0,0,0,0,0,0,0,0,0,0,0,0,0,0,0,0,0,0,0,0,0,0,1,0,0,0,0,1,0,13.85,1122.6,1496.9,1028000,2696000,0.69,0,0,0,0,1482.21
0,0,0,0,0,0,0,0,0,0,0,0,0,0,0,0,0,0,0,0,0,0,0,0,0,0,0,0,0,0,0,0,1,0,0,0,1,1,19.45,1346.6,1667,45872000,158280000,5.77,0,0,0,0,55205.11
0,0,0,0,0,0,0,0,0,0,0,0,0,0,0,0,0,0,0,0,0,0,0,0,0,0,0,0,0,0,0,0,0,1,0,0,1,1,16.05,1122.2,1229.1,3168000,7097000,0.04,0,0,0,1,4481.56
0,0,0,0,0,0,0,0,0,0,0,0,0,0,0,0,0,0,0,0,0,0,0,0,0,0,0,0,0,0,0,0,0,0,1,0,1,0,23.95,3048,3174.1,29914000,62376000,15.04,1.67,197.8,1397.593338,0,44484.06
1,0,0,0,0,0,0,0,0,0,0,0,0,0,0,0,0,0,0,0,0,0,0,0,0,0,0,0,0,0,0,0,0,0,0,0,0,0,37,2278.2,1682.5,144000,237000,0,0.38,0,0,0,355.5
0,1,0,0,0,0,0,0,0,0,0,0,0,0,0,0,0,0,0,0,0,0,0,0,0,0,0,0,0,0,0,0,0,0,0,0,0,0,27.05,915,979.4,14740000,34957000,26.58,5.51,12.98,6588.63,0,23897.49
0,0,1,0,0,0,0,0,0,0,0,0,0,0,0,0,0,0,0,0,0,0,0,0,0,0,0,0,0,0,0,0,0,0,0,0,0,0,7.4,1378,1768,319000,1069000,0.04,0,0,0,0,500.26
0,0,0,1,0,0,0,0,0,0,0,0,0,0,0,0,0,0,0,0,0,0,0,0,0,0,0,0,0,0,0,0,0,0,0,0,0,0,8.2,1256.7,1792.8,4430000,26906000,3.04,0,0,0,0,16505.44
0,0,0,0,1,0,0,0,0,0,0,0,0,0,0,0,0,0,0,0,0,0,0,0,0,0,0,0,0,0,0,0,0,0,0,0,0,1,19.8,1058.5,1027.6,11864000,92907000,5.11,0,0,0,0,10394.39
0,0,0,0,0,1,0,0,0,0,0,0,0,0,0,0,0,0,0,0,0,0,0,0,0,0,0,0,0,0,0,0,0,0,0,0,0,0,15.4,379.2,466.3,1033000,28000,0,0,0,0,0,1629.2
0,0,0,0,0,0,1,0,0,0,0,0,0,0,0,0,0,0,0,0,0,0,0,0,0,0,0,0,0,0,0,0,0,0,0,0,0,0,16,1220.4,1147.3,5997000,19683000,4.08,0,0,0,0,9496.17
0,0,0,0,0,0,0,1,0,0,0,0,0,0,0,0,0,0,0,0,0,0,0,0,0,0,0,0,0,0,0,0,0,0,0,0,0,0,23.4,1621,1374.5,808000,230000,0,0.38,0,541.105,0,453.41
0,0,0,0,0,0,0,0,1,0,0,0,0,0,0,0,0,0,0,0,0,0,0,0,0,0,0,0,0,0,0,0,0,0,0,0,0,0,16.8,379.2,466.3,16506000,408000,0.01,0,0,0,0,34758.86
0,0,0,0,0,0,0,0,0,1,0,0,0,0,0,0,0,0,0,0,0,0,0,0,0,0,0,0,0,0,0,0,0,0,0,0,0,0,20.2,3716.3,2914.3,915000,547000,0.05,1.06,3.64,541.105,0,727.88
0,0,0,0,0,0,0,0,0,0,1,0,0,0,0,0,0,0,0,0,0,0,0,0,0,0,0,0,0,0,0,0,0,0,0,0,0,0,23.45,1621,1374.5,25987000,34767000,1.22,6.4,171.67,8217.44,0,34078.28
0,0,0,0,0,0,0,0,0,0,0,1,0,0,0,0,0,0,0,0,0,0,0,0,0,0,0,0,0,0,0,0,0,0,0,0,0,0,15.6,379.2,466.3,8944000,16548000,1.5,0,0,0,0,16890.9
0,0,0,0,0,0,0,0,0,0,0,0,1,0,0,0,0,0,0,0,0,0,0,0,0,0,0,0,0,0,0,0,0,0,0,0,0,0,14.6,732.8,825.3,691000,6193000,0.12,0,0,0,1,1274.96
0,0,0,0,0,0,0,0,0,0,0,0,0,1,0,0,0,0,0,0,0,0,0,0,0,0,0,0,0,0,0,0,0,0,0,0,0,0,13.7,520.6,534.6,3393000,8916000,0.19,0,0,0,0,6911.36
0,0,0,0,0,0,0,0,0,0,0,0,0,0,1,0,0,0,0,0,0,0,0,0,0,0,0,0,0,0,0,0,0,0,0,0,0,0,14.85,1160.6,1091.9,7999000,25177000,1.6,0,0,0,0,6670.44
0,0,0,0,0,0,0,0,0,0,0,0,0,0,0,1,0,0,0,0,0,0,0,0,0,0,0,0,0,0,0,0,0,0,0,0,0,0,25.3,4856.5,4249.8,23805000,37499000,1.78,3.81,12.24,1892.95,0,34357.38
0,0,0,0,0,0,0,0,0,0,0,0,0,0,0,0,1,0,0,0,0,0,0,0,0,0,0,0,0,0,0,0,0,0,0,0,0,1,17.9,2216,2039.6,16240000,17244000,1.84,4.84,39.47,3855.59,0,12323.47
0,0,0,0,0,0,0,0,0,0,0,0,0,0,0,0,0,1,0,0,0,0,0,0,0,0,0,0,0,0,0,0,0,0,0,0,0,0,36.9,1014,998.5,51000,14000,0,0.21,0,0,0,129.39
0,0,0,0,0,0,0,0,0,0,0,0,0,0,0,0,0,0,1,0,0,0,0,0,0,0,0,0,0,0,0,0,0,0,0,0,0,0,19.1,2256.8,1927.3,20212000,52827000,1.4,0,0,0,0,23970.91
0,0,0,0,0,0,0,0,0,0,0,0,0,0,0,0,0,0,0,1,0,0,0,0,0,0,0,0,0,0,0,0,0,0,0,0,0,0,20.15,6008,5281.1,51116000,61682000,1.31,4.28,1.26,4413.21,0,82319.25
0,0,0,0,0,0,0,0,0,0,0,0,0,0,0,0,0,0,0,0,1,0,0,0,0,0,0,0,0,0,0,0,0,0,0,0,0,0,8.9,1094.6,1496.9,840000,2024000,0.3,0,0,0,0,401.32
0,0,0,0,0,0,0,0,0,0,0,0,0,0,0,0,0,0,0,0,0,1,0,0,0,0,0,0,0,0,0,0,0,0,0,0,0,0,10.95,1256.7,1792.8,598000,2377000,0.12,0,0,0,0,543.55
0,0,0,0,0,0,0,0,0,0,0,0,0,0,0,0,0,0,0,0,0,0,1,0,0,0,0,0,0,0,0,0,0,0,0,0,0,0,8.9,1094.6,1496.9,575000,525000,0.07,0,0,0,0,718.44
0,0,0,0,0,0,0,0,0,0,0,0,0,0,0,0,0,0,0,0,0,0,0,1,0,0,0,0,0,0,0,0,0,0,0,0,0,0,8,1094.6,1496.9,582000,1402000,0.08,0,0,0,0,1020.81
0,0,0,0,0,0,0,0,0,0,0,0,0,0,0,0,0,0,0,0,0,0,0,0,1,0,0,0,0,0,0,0,0,0,0,0,0,1,16.45,1107.6,1149.9,7051000,35056000,4.97,1.45,45.92,3224.61,0,5486.04
0,0,0,0,0,0,0,0,0,0,0,0,0,0,0,0,0,0,0,0,0,0,0,0,0,1,0,0,0,0,0,0,0,0,0,0,0,0,26.75,298.9,317.2,861000,397000,0.06,0.38,0,205.436,0,1404.91
0,0,0,0,0,0,0,0,0,0,0,0,0,0,0,0,0,0,0,0,0,0,0,0,0,0,1,0,0,0,0,0,0,0,0,0,0,0,14.6,459.4,491.9,10468000,17368000,1.28,0,0,0,0,15934.25
0,0,0,0,0,0,0,0,0,0,0,0,0,0,0,0,0,0,0,0,0,0,0,0,0,0,0,1,0,0,0,0,0,0,0,0,0,0,20.75,1230.6,879,17177000,51751000,0.57,0,0,0,0,22768.69
0,0,0,0,0,0,0,0,0,0,0,0,0,0,0,0,0,0,0,0,0,0,0,0,0,0,0,0,1,0,0,0,0,0,0,0,0,0,18.2,1871.4,2006.2,158000,454000,0,0,0,0,1,262.02
0,0,0,0,0,0,0,0,0,0,0,0,0,0,0,0,0,0,0,0,0,0,0,0,0,0,0,0,0,1,0,0,0,0,0,0,0,0,22.6,298.9,317.2,35103000,37210000,1.87,4.89,208.5,6133.73,0,41374.15
0,0,0,0,0,0,0,0,0,0,0,0,0,0,0,0,0,0,0,0,0,0,0,0,0,0,0,0,0,0,1,0,0,0,0,0,0,0,23.65,656.8,755.2,13731000,21346000,2.46,0,0,0,0,29945.16
0,0,0,0,0,0,0,0,0,0,0,0,0,0,0,0,0,0,0,0,0,0,0,0,0,0,0,0,0,0,0,1,0,0,0,0,0,0,11.65,1094.6,1496.9,978000,2706000,0.69,0,0,0,0,1466.28
0,0,0,0,0,0,0,0,0,0,0,0,0,0,0,0,0,0,0,0,0,0,0,0,0,0,0,0,0,0,0,0,1,0,0,0,0,1,16,1545.3,1667,44839000,156058000,5.68,0,0,0,0,54324.92
0,0,0,0,0,0,0,0,0,0,0,0,0,0,0,0,0,0,0,0,0,0,0,0,0,0,0,0,0,0,0,0,0,1,0,0,0,1,14.95,1454.3,1229.1,3079000,7052000,0.04,0,0,0,1,4423.06
0,0,0,0,0,0,0,0,0,0,0,0,0,0,0,0,0,0,0,0,0,0,0,0,0,0,0,0,0,0,0,0,0,0,1,0,0,1,20.35,3263,3174.1,29298000,62232000,14.92,1.65,196.17,1063.87,0,44117.73